-- phpMyAdmin SQL Dump
-- version 5.0.4
-- https://www.phpmyadmin.net/
--
-- Host: 127.0.0.1
-- Generation Time: Sep 07, 2021 at 12:12 PM
-- Server version: 10.4.17-MariaDB
-- PHP Version: 7.4.13

SET SQL_MODE = "NO_AUTO_VALUE_ON_ZERO";
START TRANSACTION;
SET time_zone = "+00:00";


/*!40101 SET @OLD_CHARACTER_SET_CLIENT=@@CHARACTER_SET_CLIENT */;
/*!40101 SET @OLD_CHARACTER_SET_RESULTS=@@CHARACTER_SET_RESULTS */;
/*!40101 SET @OLD_COLLATION_CONNECTION=@@COLLATION_CONNECTION */;
/*!40101 SET NAMES utf8mb4 */;

--
-- Database: `210821_flashlab`
--

-- --------------------------------------------------------

--
-- Table structure for table `admins`
--

CREATE TABLE `admins` (
  `admin_id` int(11) NOT NULL,
  `admin_name` varchar(250) NOT NULL,
  `admin_password` varchar(250) NOT NULL,
  `admin_email` varchar(250) NOT NULL,
  `admin_role` smallint(6) NOT NULL
) ENGINE=InnoDB DEFAULT CHARSET=utf8mb4;

--
-- Dumping data for table `admins`
--

INSERT INTO `admins` (`admin_id`, `admin_name`, `admin_password`, `admin_email`, `admin_role`) VALUES
(1, 'Nggak Dong', '$2y$10$rrCkvoEIiDK0wTewkotcEerAdY4tsmytR7cTE2XxFaNkqjwuPDRTa', 'betul@betul.betul', 1);

-- --------------------------------------------------------

--
-- Table structure for table `package`
--

CREATE TABLE `package` (
  `package_id` smallint(6) NOT NULL,
  `package_name` varchar(150) NOT NULL,
  `price` decimal(10,0) NOT NULL
) ENGINE=InnoDB DEFAULT CHARSET=utf8mb4;

--
-- Dumping data for table `package`
--

INSERT INTO `package` (`package_id`, `package_name`, `price`) VALUES
(1, 'Swab Antigen Drive Thru', '150000'),
(2, 'Swab Antigen Homecare', '150000'),
(3, 'Home Care Vit Booster', '150000');

-- --------------------------------------------------------

--
-- Table structure for table `patients`
--

CREATE TABLE `patients` (
  `patient_id` int(11) NOT NULL,
  `no_ktp` varchar(100) NOT NULL,
  `complete_name` varchar(200) NOT NULL,
  `address` text NOT NULL,
  `phone_number` varchar(20) NOT NULL,
  `birth_date` date NOT NULL,
  `gender` tinyint(4) NOT NULL,
  `user_inputter` int(11) NOT NULL
) ENGINE=InnoDB DEFAULT CHARSET=utf8mb4;

--
-- Dumping data for table `patients`
--

INSERT INTO `patients` (`patient_id`, `no_ktp`, `complete_name`, `address`, `phone_number`, `birth_date`, `gender`, `user_inputter`) VALUES
(8, '90128390218312', 'Halut Halut Bujon', 'Jalan Hah pe bagaya', '1920312091', '2021-09-15', 1, 8),
(9, '90128390218312', 'ASdasdw', 'sadasd', '2343432', '2021-08-19', 1, 9),
(10, '234234230218312', 'Narjun', 'Jalan Hah pe bagaya', '+6282194077126', '2021-08-30', 1, 9),
(11, '908921038', 'Ibrahim', 'Jalan AU ah', '12402304983', '2009-08-29', 2, 9),
(12, '7271012512940002', 'Jafar Sadik S.Kom, M.TI', 'Jalan Tadulako no 35, Palu', '082194077126', '2021-08-29', 1, 8);

-- --------------------------------------------------------

--
-- Table structure for table `patient_package`
--

CREATE TABLE `patient_package` (
  `patient_package_id` int(11) NOT NULL,
  `patient_id` int(11) NOT NULL,
  `package` smallint(6) NOT NULL,
  `date_inserted` datetime NOT NULL,
  `date_swab` datetime NOT NULL,
  `package_status` tinyint(4) NOT NULL,
  `result_pos` tinyint(4) NOT NULL,
  `public_key` varchar(120) NOT NULL
) ENGINE=InnoDB DEFAULT CHARSET=utf8mb4;

--
-- Dumping data for table `patient_package`
--

INSERT INTO `patient_package` (`patient_package_id`, `patient_id`, `package`, `date_inserted`, `date_swab`, `package_status`, `result_pos`, `public_key`) VALUES
(9, 9, 3, '2021-08-27 22:27:03', '2021-08-27 22:27:03', 0, 0, 'BFYUBFT7QW7Y238Y9MUR34Y7JY7565hh76JGF6G6J8J5gf75F5hh57568Jfjf6tG7Mk8HGvf7CDR6xseS2123A'),
(11, 10, 1, '2021-08-27 22:28:21', '2021-08-27 22:28:21', 0, 0, 'BFYUBFT7QW7Y238Y9MUR34Y7JY7565hh76JGF6G6J8J5gf75F5hh57568Jfjf6tG7Mk8HGvf7CDR6xseS2123A'),
(12, 9, 3, '2021-08-28 17:42:12', '2021-08-28 17:42:12', 2, 0, 'BFYUBFT7QW7Y238Y9MUR34Y7JY7565hh76JGF6G6J8J5gf75F5hh57568Jfjf6tG7Mk8HGvf7CDR6xseS2123A'),
(13, 9, 3, '2021-08-28 17:42:12', '2021-08-28 17:42:12', 2, 0, 'BFYUBFT7QW7Y238Y9MUR34Y7JY7565hh76JGF6G6J8J5gf75F5hh57568Jfjf6tG7Mk8HGvf7CDR6xseS2123A'),
(14, 9, 3, '2021-08-28 17:42:12', '2021-08-28 17:42:12', 2, 0, 'BFYUBFT7QW7Y238Y9MUR34Y7JY7565hh76JGF6G6J8J5gf75F5hh57568Jfjf6tG7Mk8HGvf7CDR6xseS2123A'),
(15, 9, 3, '2021-08-28 17:42:12', '2021-08-28 17:42:12', 2, 0, 'BFYUBFT7QW7Y238Y9MUR34Y7JY7565hh76JGF6G6J8J5gf75F5hh57568Jfjf6tG7Mk8HGvf7CDR6xseS2123A'),
(16, 9, 3, '2021-08-28 17:42:12', '2021-08-28 17:42:12', 2, 0, 'BFYUBFT7QW7Y238Y9MUR34Y7JY7565hh76JGF6G6J8J5gf75F5hh57568Jfjf6tG7Mk8HGvf7CDR6xseS2123A'),
(17, 9, 3, '2021-08-28 17:42:12', '2021-08-28 17:42:12', 2, 0, 'BFYUBFT7QW7Y238Y9MUR34Y7JY7565hh76JGF6G6J8J5gf75F5hh57568Jfjf6tG7Mk8HGvf7CDR6xseS2123A'),
(18, 9, 3, '2021-08-28 17:42:12', '2021-08-28 17:42:12', 2, 0, 'BFYUBFT7QW7Y238Y9MUR34Y7JY7565hh76JGF6G6J8J5gf75F5hh57568Jfjf6tG7Mk8HGvf7CDR6xseS2123A'),
(19, 9, 3, '2021-08-28 17:42:12', '2021-08-28 17:42:12', 2, 0, 'BFYUBFT7QW7Y238Y9MUR34Y7JY7565hh76JGF6G6J8J5gf75F5hh57568Jfjf6tG7Mk8HGvf7CDR6xseS2123A'),
(20, 9, 3, '2021-08-28 17:42:12', '2021-08-28 17:42:12', 2, 0, 'BFYUBFT7QW7Y238Y9MUR34Y7JY7565hh76JGF6G6J8J5gf75F5hh57568Jfjf6tG7Mk8HGvf7CDR6xseS2123A'),
(21, 9, 3, '2021-08-28 17:42:12', '2021-08-28 17:42:12', 2, 0, 'BFYUBFT7QW7Y238Y9MUR34Y7JY7565hh76JGF6G6J8J5gf75F5hh57568Jfjf6tG7Mk8HGvf7CDR6xseS2123A'),
(22, 9, 3, '2021-08-28 17:42:12', '2021-08-28 17:42:12', 2, 0, 'BFYUBFT7QW7Y238Y9MUR34Y7JY7565hh76JGF6G6J8J5gf75F5hh57568Jfjf6tG7Mk8HGvf7CDR6xseS2123A'),
(23, 9, 3, '2021-08-28 17:42:12', '2021-08-28 17:42:12', 2, 0, 'BFYUBFT7QW7Y238Y9MUR34Y7JY7565hh76JGF6G6J8J5gf75F5hh57568Jfjf6tG7Mk8HGvf7CDR6xseS2123A'),
(24, 9, 3, '2021-08-28 17:42:12', '2021-08-28 17:42:12', 2, 0, 'BFYUBFT7QW7Y238Y9MUR34Y7JY7565hh76JGF6G6J8J5gf75F5hh57568Jfjf6tG7Mk8HGvf7CDR6xseS2123A'),
(25, 9, 3, '2021-08-28 17:42:12', '2021-08-28 17:42:12', 2, 0, 'BFYUBFT7QW7Y238Y9MUR34Y7JY7565hh76JGF6G6J8J5gf75F5hh57568Jfjf6tG7Mk8HGvf7CDR6xseS2123A'),
(26, 9, 3, '2021-08-28 17:42:12', '2021-08-28 17:42:12', 2, 0, 'BFYUBFT7QW7Y238Y9MUR34Y7JY7565hh76JGF6G6J8J5gf75F5hh57568Jfjf6tG7Mk8HGvf7CDR6xseS2123A'),
(27, 9, 3, '2021-08-28 17:42:12', '2021-08-28 17:42:12', 2, 0, 'BFYUBFT7QW7Y238Y9MUR34Y7JY7565hh76JGF6G6J8J5gf75F5hh57568Jfjf6tG7Mk8HGvf7CDR6xseS2123A'),
(28, 9, 3, '2021-08-28 17:42:12', '2021-08-28 17:42:12', 2, 0, 'BFYUBFT7QW7Y238Y9MUR34Y7JY7565hh76JGF6G6J8J5gf75F5hh57568Jfjf6tG7Mk8HGvf7CDR6xseS2123A'),
(29, 9, 3, '2021-08-28 17:42:12', '2021-08-28 17:42:12', 2, 0, 'BFYUBFT7QW7Y238Y9MUR34Y7JY7565hh76JGF6G6J8J5gf75F5hh57568Jfjf6tG7Mk8HGvf7CDR6xseS2123A'),
(30, 9, 3, '2021-08-28 17:42:12', '2021-08-28 17:42:12', 2, 0, 'BFYUBFT7QW7Y238Y9MUR34Y7JY7565hh76JGF6G6J8J5gf75F5hh57568Jfjf6tG7Mk8HGvf7CDR6xseS2123A'),
(31, 9, 3, '2021-08-28 17:42:12', '2021-08-28 17:42:12', 2, 0, 'BFYUBFT7QW7Y238Y9MUR34Y7JY7565hh76JGF6G6J8J5gf75F5hh57568Jfjf6tG7Mk8HGvf7CDR6xseS2123A'),
(32, 9, 3, '2021-08-28 17:42:12', '2021-08-28 17:42:12', 2, 0, 'BFYUBFT7QW7Y238Y9MUR34Y7JY7565hh76JGF6G6J8J5gf75F5hh57568Jfjf6tG7Mk8HGvf7CDR6xseS2123A'),
(33, 9, 3, '2021-08-28 17:42:12', '2021-08-28 17:42:12', 2, 0, 'BFYUBFT7QW7Y238Y9MUR34Y7JY7565hh76JGF6G6J8J5gf75F5hh57568Jfjf6tG7Mk8HGvf7CDR6xseS2123A'),
(34, 9, 3, '2021-08-28 17:42:12', '2021-08-28 17:42:12', 2, 0, 'BFYUBFT7QW7Y238Y9MUR34Y7JY7565hh76JGF6G6J8J5gf75F5hh57568Jfjf6tG7Mk8HGvf7CDR6xseS2123A'),
(35, 9, 3, '2021-08-28 17:42:12', '2021-08-28 17:42:12', 2, 0, 'BFYUBFT7QW7Y238Y9MUR34Y7JY7565hh76JGF6G6J8J5gf75F5hh57568Jfjf6tG7Mk8HGvf7CDR6xseS2123A'),
(36, 9, 3, '2021-08-28 17:42:12', '2021-08-28 17:42:12', 2, 0, 'BFYUBFT7QW7Y238Y9MUR34Y7JY7565hh76JGF6G6J8J5gf75F5hh57568Jfjf6tG7Mk8HGvf7CDR6xseS2123A'),
(37, 9, 3, '2021-08-28 17:42:12', '2021-08-28 17:42:12', 2, 0, 'BFYUBFT7QW7Y238Y9MUR34Y7JY7565hh76JGF6G6J8J5gf75F5hh57568Jfjf6tG7Mk8HGvf7CDR6xseS2123A'),
(38, 9, 3, '2021-08-28 17:42:12', '2021-08-28 17:42:12', 2, 0, 'BFYUBFT7QW7Y238Y9MUR34Y7JY7565hh76JGF6G6J8J5gf75F5hh57568Jfjf6tG7Mk8HGvf7CDR6xseS2123A'),
(39, 9, 3, '2021-08-28 17:42:12', '2021-08-28 17:42:12', 2, 0, 'BFYUBFT7QW7Y238Y9MUR34Y7JY7565hh76JGF6G6J8J5gf75F5hh57568Jfjf6tG7Mk8HGvf7CDR6xseS2123A'),
(40, 9, 3, '2021-08-28 17:42:12', '2021-08-28 17:42:12', 2, 0, 'BFYUBFT7QW7Y238Y9MUR34Y7JY7565hh76JGF6G6J8J5gf75F5hh57568Jfjf6tG7Mk8HGvf7CDR6xseS2123A'),
(41, 9, 3, '2021-08-28 17:42:12', '2021-08-28 17:42:12', 2, 0, 'BFYUBFT7QW7Y238Y9MUR34Y7JY7565hh76JGF6G6J8J5gf75F5hh57568Jfjf6tG7Mk8HGvf7CDR6xseS2123A'),
(42, 9, 3, '2021-08-28 17:42:12', '2021-08-28 17:42:12', 2, 0, 'BFYUBFT7QW7Y238Y9MUR34Y7JY7565hh76JGF6G6J8J5gf75F5hh57568Jfjf6tG7Mk8HGvf7CDR6xseS2123A'),
(43, 9, 3, '2021-08-28 17:42:12', '2021-08-28 17:42:12', 2, 0, 'BFYUBFT7QW7Y238Y9MUR34Y7JY7565hh76JGF6G6J8J5gf75F5hh57568Jfjf6tG7Mk8HGvf7CDR6xseS2123A'),
(44, 9, 3, '2021-08-28 17:42:12', '2021-08-28 17:42:12', 2, 0, 'BFYUBFT7QW7Y238Y9MUR34Y7JY7565hh76JGF6G6J8J5gf75F5hh57568Jfjf6tG7Mk8HGvf7CDR6xseS2123A'),
(45, 9, 3, '2021-08-28 17:42:12', '2021-08-28 17:42:12', 2, 0, 'BFYUBFT7QW7Y238Y9MUR34Y7JY7565hh76JGF6G6J8J5gf75F5hh57568Jfjf6tG7Mk8HGvf7CDR6xseS2123A'),
(46, 9, 3, '2021-08-28 17:42:12', '2021-08-28 17:42:12', 2, 0, 'BFYUBFT7QW7Y238Y9MUR34Y7JY7565hh76JGF6G6J8J5gf75F5hh57568Jfjf6tG7Mk8HGvf7CDR6xseS2123A'),
(47, 9, 3, '2021-08-28 17:42:12', '2021-08-28 17:42:12', 2, 0, 'BFYUBFT7QW7Y238Y9MUR34Y7JY7565hh76JGF6G6J8J5gf75F5hh57568Jfjf6tG7Mk8HGvf7CDR6xseS2123A'),
(48, 9, 3, '2021-08-28 17:42:12', '2021-08-28 17:42:12', 2, 0, 'BFYUBFT7QW7Y238Y9MUR34Y7JY7565hh76JGF6G6J8J5gf75F5hh57568Jfjf6tG7Mk8HGvf7CDR6xseS2123A'),
(49, 9, 3, '2021-08-28 17:42:12', '2021-08-28 17:42:12', 2, 0, 'BFYUBFT7QW7Y238Y9MUR34Y7JY7565hh76JGF6G6J8J5gf75F5hh57568Jfjf6tG7Mk8HGvf7CDR6xseS2123A'),
(50, 9, 3, '2021-08-28 17:42:12', '2021-08-28 17:42:12', 2, 0, 'BFYUBFT7QW7Y238Y9MUR34Y7JY7565hh76JGF6G6J8J5gf75F5hh57568Jfjf6tG7Mk8HGvf7CDR6xseS2123A'),
(51, 9, 3, '2021-08-28 17:42:12', '2021-08-28 17:42:12', 2, 0, 'BFYUBFT7QW7Y238Y9MUR34Y7JY7565hh76JGF6G6J8J5gf75F5hh57568Jfjf6tG7Mk8HGvf7CDR6xseS2123A'),
(52, 9, 3, '2021-08-28 17:42:12', '2021-08-28 17:42:12', 2, 0, 'BFYUBFT7QW7Y238Y9MUR34Y7JY7565hh76JGF6G6J8J5gf75F5hh57568Jfjf6tG7Mk8HGvf7CDR6xseS2123A'),
(53, 9, 3, '2021-08-28 17:42:12', '2021-08-28 17:42:12', 2, 0, 'BFYUBFT7QW7Y238Y9MUR34Y7JY7565hh76JGF6G6J8J5gf75F5hh57568Jfjf6tG7Mk8HGvf7CDR6xseS2123A'),
(54, 9, 3, '2021-08-28 17:42:12', '2021-08-28 17:42:12', 2, 0, 'BFYUBFT7QW7Y238Y9MUR34Y7JY7565hh76JGF6G6J8J5gf75F5hh57568Jfjf6tG7Mk8HGvf7CDR6xseS2123A'),
(55, 9, 3, '2021-08-28 17:42:12', '2021-08-28 17:42:12', 2, 0, 'BFYUBFT7QW7Y238Y9MUR34Y7JY7565hh76JGF6G6J8J5gf75F5hh57568Jfjf6tG7Mk8HGvf7CDR6xseS2123A'),
(56, 9, 3, '2021-08-28 17:42:12', '2021-08-28 17:42:12', 2, 0, 'BFYUBFT7QW7Y238Y9MUR34Y7JY7565hh76JGF6G6J8J5gf75F5hh57568Jfjf6tG7Mk8HGvf7CDR6xseS2123A'),
(57, 9, 3, '2021-08-28 17:42:12', '2021-08-28 17:42:12', 2, 0, 'BFYUBFT7QW7Y238Y9MUR34Y7JY7565hh76JGF6G6J8J5gf75F5hh57568Jfjf6tG7Mk8HGvf7CDR6xseS2123A'),
(58, 9, 3, '2021-08-28 17:42:12', '2021-08-28 17:42:12', 2, 0, 'BFYUBFT7QW7Y238Y9MUR34Y7JY7565hh76JGF6G6J8J5gf75F5hh57568Jfjf6tG7Mk8HGvf7CDR6xseS2123A'),
(59, 9, 3, '2021-08-28 17:42:12', '2021-08-28 17:42:12', 2, 0, 'BFYUBFT7QW7Y238Y9MUR34Y7JY7565hh76JGF6G6J8J5gf75F5hh57568Jfjf6tG7Mk8HGvf7CDR6xseS2123A'),
(60, 9, 3, '2021-08-28 17:42:12', '2021-08-28 17:42:12', 2, 0, 'BFYUBFT7QW7Y238Y9MUR34Y7JY7565hh76JGF6G6J8J5gf75F5hh57568Jfjf6tG7Mk8HGvf7CDR6xseS2123A'),
(61, 9, 3, '2021-08-28 17:42:12', '2021-08-28 17:42:12', 2, 0, 'BFYUBFT7QW7Y238Y9MUR34Y7JY7565hh76JGF6G6J8J5gf75F5hh57568Jfjf6tG7Mk8HGvf7CDR6xseS2123A'),
(62, 9, 3, '2021-08-28 17:42:12', '2021-08-28 17:42:12', 2, 0, 'BFYUBFT7QW7Y238Y9MUR34Y7JY7565hh76JGF6G6J8J5gf75F5hh57568Jfjf6tG7Mk8HGvf7CDR6xseS2123A'),
(63, 9, 3, '2021-08-28 17:42:12', '2021-08-28 17:42:12', 2, 0, 'BFYUBFT7QW7Y238Y9MUR34Y7JY7565hh76JGF6G6J8J5gf75F5hh57568Jfjf6tG7Mk8HGvf7CDR6xseS2123A'),
(64, 9, 3, '2021-08-28 17:42:12', '2021-08-28 17:42:12', 2, 0, 'BFYUBFT7QW7Y238Y9MUR34Y7JY7565hh76JGF6G6J8J5gf75F5hh57568Jfjf6tG7Mk8HGvf7CDR6xseS2123A'),
(65, 9, 3, '2021-08-28 17:42:12', '2021-08-28 17:42:12', 2, 0, 'BFYUBFT7QW7Y238Y9MUR34Y7JY7565hh76JGF6G6J8J5gf75F5hh57568Jfjf6tG7Mk8HGvf7CDR6xseS2123A'),
(66, 9, 3, '2021-08-28 17:42:12', '2021-08-28 17:42:12', 2, 0, 'BFYUBFT7QW7Y238Y9MUR34Y7JY7565hh76JGF6G6J8J5gf75F5hh57568Jfjf6tG7Mk8HGvf7CDR6xseS2123A'),
(67, 9, 3, '2021-08-28 17:42:12', '2021-08-28 17:42:12', 2, 0, 'BFYUBFT7QW7Y238Y9MUR34Y7JY7565hh76JGF6G6J8J5gf75F5hh57568Jfjf6tG7Mk8HGvf7CDR6xseS2123A'),
(68, 9, 3, '2021-08-28 17:42:12', '2021-08-28 17:42:12', 2, 0, 'BFYUBFT7QW7Y238Y9MUR34Y7JY7565hh76JGF6G6J8J5gf75F5hh57568Jfjf6tG7Mk8HGvf7CDR6xseS2123A'),
(69, 9, 3, '2021-08-28 17:42:12', '2021-08-28 17:42:12', 2, 0, 'BFYUBFT7QW7Y238Y9MUR34Y7JY7565hh76JGF6G6J8J5gf75F5hh57568Jfjf6tG7Mk8HGvf7CDR6xseS2123A'),
(70, 9, 3, '2021-08-28 17:42:12', '2021-08-28 17:42:12', 2, 0, 'BFYUBFT7QW7Y238Y9MUR34Y7JY7565hh76JGF6G6J8J5gf75F5hh57568Jfjf6tG7Mk8HGvf7CDR6xseS2123A'),
(71, 9, 3, '2021-08-28 17:42:12', '2021-08-28 17:42:12', 2, 0, 'BFYUBFT7QW7Y238Y9MUR34Y7JY7565hh76JGF6G6J8J5gf75F5hh57568Jfjf6tG7Mk8HGvf7CDR6xseS2123A'),
(72, 9, 3, '2021-08-28 17:42:12', '2021-08-28 17:42:12', 2, 0, 'BFYUBFT7QW7Y238Y9MUR34Y7JY7565hh76JGF6G6J8J5gf75F5hh57568Jfjf6tG7Mk8HGvf7CDR6xseS2123A'),
(73, 9, 3, '2021-08-28 17:42:12', '2021-08-28 17:42:12', 2, 0, 'BFYUBFT7QW7Y238Y9MUR34Y7JY7565hh76JGF6G6J8J5gf75F5hh57568Jfjf6tG7Mk8HGvf7CDR6xseS2123A'),
(74, 9, 3, '2021-08-28 17:42:12', '2021-08-28 17:42:12', 2, 0, 'BFYUBFT7QW7Y238Y9MUR34Y7JY7565hh76JGF6G6J8J5gf75F5hh57568Jfjf6tG7Mk8HGvf7CDR6xseS2123A'),
(75, 9, 3, '2021-08-28 17:42:12', '2021-08-28 17:42:12', 2, 0, 'BFYUBFT7QW7Y238Y9MUR34Y7JY7565hh76JGF6G6J8J5gf75F5hh57568Jfjf6tG7Mk8HGvf7CDR6xseS2123A'),
(76, 9, 3, '2021-08-28 17:42:12', '2021-08-28 17:42:12', 2, 0, 'BFYUBFT7QW7Y238Y9MUR34Y7JY7565hh76JGF6G6J8J5gf75F5hh57568Jfjf6tG7Mk8HGvf7CDR6xseS2123A'),
(77, 9, 3, '2021-08-28 17:42:12', '2021-08-28 17:42:12', 2, 0, 'BFYUBFT7QW7Y238Y9MUR34Y7JY7565hh76JGF6G6J8J5gf75F5hh57568Jfjf6tG7Mk8HGvf7CDR6xseS2123A'),
(78, 9, 3, '2021-08-28 17:42:12', '2021-08-28 17:42:12', 2, 0, 'BFYUBFT7QW7Y238Y9MUR34Y7JY7565hh76JGF6G6J8J5gf75F5hh57568Jfjf6tG7Mk8HGvf7CDR6xseS2123A'),
(79, 9, 3, '2021-08-28 17:42:12', '2021-08-28 17:42:12', 2, 0, 'BFYUBFT7QW7Y238Y9MUR34Y7JY7565hh76JGF6G6J8J5gf75F5hh57568Jfjf6tG7Mk8HGvf7CDR6xseS2123A'),
(80, 9, 3, '2021-08-28 17:42:12', '2021-08-28 17:42:12', 2, 0, 'BFYUBFT7QW7Y238Y9MUR34Y7JY7565hh76JGF6G6J8J5gf75F5hh57568Jfjf6tG7Mk8HGvf7CDR6xseS2123A'),
(81, 9, 3, '2021-08-28 17:42:12', '2021-08-28 17:42:12', 2, 0, 'BFYUBFT7QW7Y238Y9MUR34Y7JY7565hh76JGF6G6J8J5gf75F5hh57568Jfjf6tG7Mk8HGvf7CDR6xseS2123A'),
(82, 9, 3, '2021-08-28 17:42:12', '2021-08-28 17:42:12', 2, 0, 'BFYUBFT7QW7Y238Y9MUR34Y7JY7565hh76JGF6G6J8J5gf75F5hh57568Jfjf6tG7Mk8HGvf7CDR6xseS2123A'),
(83, 9, 3, '2021-08-28 17:42:12', '2021-08-28 17:42:12', 2, 0, 'BFYUBFT7QW7Y238Y9MUR34Y7JY7565hh76JGF6G6J8J5gf75F5hh57568Jfjf6tG7Mk8HGvf7CDR6xseS2123A'),
(84, 9, 3, '2021-08-28 17:42:12', '2021-08-28 17:42:12', 2, 0, 'BFYUBFT7QW7Y238Y9MUR34Y7JY7565hh76JGF6G6J8J5gf75F5hh57568Jfjf6tG7Mk8HGvf7CDR6xseS2123A'),
(85, 9, 3, '2021-08-28 17:42:12', '2021-08-28 17:42:12', 2, 0, 'BFYUBFT7QW7Y238Y9MUR34Y7JY7565hh76JGF6G6J8J5gf75F5hh57568Jfjf6tG7Mk8HGvf7CDR6xseS2123A'),
(86, 9, 3, '2021-08-28 17:42:12', '2021-08-28 17:42:12', 2, 0, 'BFYUBFT7QW7Y238Y9MUR34Y7JY7565hh76JGF6G6J8J5gf75F5hh57568Jfjf6tG7Mk8HGvf7CDR6xseS2123A'),
(87, 9, 3, '2021-08-28 17:42:12', '2021-08-28 17:42:12', 2, 0, 'BFYUBFT7QW7Y238Y9MUR34Y7JY7565hh76JGF6G6J8J5gf75F5hh57568Jfjf6tG7Mk8HGvf7CDR6xseS2123A'),
(88, 9, 3, '2021-08-28 17:42:12', '2021-08-28 17:42:12', 2, 0, 'BFYUBFT7QW7Y238Y9MUR34Y7JY7565hh76JGF6G6J8J5gf75F5hh57568Jfjf6tG7Mk8HGvf7CDR6xseS2123A'),
(89, 9, 3, '2021-08-28 17:42:12', '2021-08-28 17:42:12', 2, 0, 'BFYUBFT7QW7Y238Y9MUR34Y7JY7565hh76JGF6G6J8J5gf75F5hh57568Jfjf6tG7Mk8HGvf7CDR6xseS2123A'),
(90, 9, 3, '2021-08-28 17:42:12', '2021-08-28 17:42:12', 2, 0, 'BFYUBFT7QW7Y238Y9MUR34Y7JY7565hh76JGF6G6J8J5gf75F5hh57568Jfjf6tG7Mk8HGvf7CDR6xseS2123A'),
(91, 9, 3, '2021-08-28 17:42:12', '2021-08-28 17:42:12', 2, 0, 'BFYUBFT7QW7Y238Y9MUR34Y7JY7565hh76JGF6G6J8J5gf75F5hh57568Jfjf6tG7Mk8HGvf7CDR6xseS2123A'),
(92, 9, 3, '2021-08-28 17:42:12', '2021-08-28 17:42:12', 2, 0, 'BFYUBFT7QW7Y238Y9MUR34Y7JY7565hh76JGF6G6J8J5gf75F5hh57568Jfjf6tG7Mk8HGvf7CDR6xseS2123A'),
(93, 9, 3, '2021-08-28 17:42:12', '2021-08-28 17:42:12', 2, 0, 'BFYUBFT7QW7Y238Y9MUR34Y7JY7565hh76JGF6G6J8J5gf75F5hh57568Jfjf6tG7Mk8HGvf7CDR6xseS2123A'),
(94, 9, 3, '2021-08-28 17:42:12', '2021-08-28 17:42:12', 2, 0, 'BFYUBFT7QW7Y238Y9MUR34Y7JY7565hh76JGF6G6J8J5gf75F5hh57568Jfjf6tG7Mk8HGvf7CDR6xseS2123A'),
(95, 9, 3, '2021-08-28 17:42:12', '2021-08-28 17:42:12', 2, 0, 'BFYUBFT7QW7Y238Y9MUR34Y7JY7565hh76JGF6G6J8J5gf75F5hh57568Jfjf6tG7Mk8HGvf7CDR6xseS2123A'),
(96, 9, 3, '2021-08-28 17:42:12', '2021-08-28 17:42:12', 2, 0, 'BFYUBFT7QW7Y238Y9MUR34Y7JY7565hh76JGF6G6J8J5gf75F5hh57568Jfjf6tG7Mk8HGvf7CDR6xseS2123A'),
(97, 9, 3, '2021-08-28 17:42:12', '2021-08-28 17:42:12', 2, 0, 'BFYUBFT7QW7Y238Y9MUR34Y7JY7565hh76JGF6G6J8J5gf75F5hh57568Jfjf6tG7Mk8HGvf7CDR6xseS2123A'),
(98, 9, 3, '2021-08-28 17:42:12', '2021-08-28 17:42:12', 2, 0, 'BFYUBFT7QW7Y238Y9MUR34Y7JY7565hh76JGF6G6J8J5gf75F5hh57568Jfjf6tG7Mk8HGvf7CDR6xseS2123A'),
(99, 9, 3, '2021-08-28 17:42:12', '2021-08-28 17:42:12', 2, 0, 'BFYUBFT7QW7Y238Y9MUR34Y7JY7565hh76JGF6G6J8J5gf75F5hh57568Jfjf6tG7Mk8HGvf7CDR6xseS2123A'),
(100, 9, 3, '2021-08-28 17:42:12', '2021-08-28 17:42:12', 2, 0, 'BFYUBFT7QW7Y238Y9MUR34Y7JY7565hh76JGF6G6J8J5gf75F5hh57568Jfjf6tG7Mk8HGvf7CDR6xseS2123A'),
(101, 9, 3, '2021-08-28 17:42:12', '2021-08-28 17:42:12', 2, 0, 'BFYUBFT7QW7Y238Y9MUR34Y7JY7565hh76JGF6G6J8J5gf75F5hh57568Jfjf6tG7Mk8HGvf7CDR6xseS2123A'),
(102, 9, 3, '2021-08-28 17:42:12', '2021-08-28 17:42:12', 2, 0, 'BFYUBFT7QW7Y238Y9MUR34Y7JY7565hh76JGF6G6J8J5gf75F5hh57568Jfjf6tG7Mk8HGvf7CDR6xseS2123A'),
(103, 9, 3, '2021-08-28 17:42:12', '2021-08-28 17:42:12', 2, 0, 'BFYUBFT7QW7Y238Y9MUR34Y7JY7565hh76JGF6G6J8J5gf75F5hh57568Jfjf6tG7Mk8HGvf7CDR6xseS2123A'),
(104, 9, 3, '2021-08-28 17:42:12', '2021-08-28 17:42:12', 2, 0, 'BFYUBFT7QW7Y238Y9MUR34Y7JY7565hh76JGF6G6J8J5gf75F5hh57568Jfjf6tG7Mk8HGvf7CDR6xseS2123A'),
(105, 9, 3, '2021-08-28 17:42:12', '2021-08-28 17:42:12', 2, 0, 'BFYUBFT7QW7Y238Y9MUR34Y7JY7565hh76JGF6G6J8J5gf75F5hh57568Jfjf6tG7Mk8HGvf7CDR6xseS2123A'),
(106, 9, 3, '2021-08-28 17:42:12', '2021-08-28 17:42:12', 2, 0, 'BFYUBFT7QW7Y238Y9MUR34Y7JY7565hh76JGF6G6J8J5gf75F5hh57568Jfjf6tG7Mk8HGvf7CDR6xseS2123A'),
(107, 9, 3, '2021-08-28 17:42:12', '2021-08-28 17:42:12', 2, 0, 'BFYUBFT7QW7Y238Y9MUR34Y7JY7565hh76JGF6G6J8J5gf75F5hh57568Jfjf6tG7Mk8HGvf7CDR6xseS2123A'),
(108, 9, 3, '2021-08-28 17:42:12', '2021-08-28 17:42:12', 2, 0, 'BFYUBFT7QW7Y238Y9MUR34Y7JY7565hh76JGF6G6J8J5gf75F5hh57568Jfjf6tG7Mk8HGvf7CDR6xseS2123A'),
(109, 9, 3, '2021-08-28 17:42:12', '2021-08-28 17:42:12', 2, 0, 'BFYUBFT7QW7Y238Y9MUR34Y7JY7565hh76JGF6G6J8J5gf75F5hh57568Jfjf6tG7Mk8HGvf7CDR6xseS2123A'),
(110, 9, 3, '2021-08-28 17:42:12', '2021-08-28 17:42:12', 2, 0, 'BFYUBFT7QW7Y238Y9MUR34Y7JY7565hh76JGF6G6J8J5gf75F5hh57568Jfjf6tG7Mk8HGvf7CDR6xseS2123A'),
(111, 9, 3, '2021-08-28 17:42:12', '2021-08-28 17:42:12', 2, 0, 'BFYUBFT7QW7Y238Y9MUR34Y7JY7565hh76JGF6G6J8J5gf75F5hh57568Jfjf6tG7Mk8HGvf7CDR6xseS2123A'),
(112, 9, 3, '2021-08-28 17:42:12', '2021-08-28 17:42:12', 2, 0, 'BFYUBFT7QW7Y238Y9MUR34Y7JY7565hh76JGF6G6J8J5gf75F5hh57568Jfjf6tG7Mk8HGvf7CDR6xseS2123A'),
(113, 9, 3, '2021-08-28 17:42:12', '2021-08-28 17:42:12', 2, 0, 'BFYUBFT7QW7Y238Y9MUR34Y7JY7565hh76JGF6G6J8J5gf75F5hh57568Jfjf6tG7Mk8HGvf7CDR6xseS2123A'),
(114, 9, 3, '2021-08-28 17:42:12', '2021-08-28 17:42:12', 2, 0, 'BFYUBFT7QW7Y238Y9MUR34Y7JY7565hh76JGF6G6J8J5gf75F5hh57568Jfjf6tG7Mk8HGvf7CDR6xseS2123A'),
(115, 9, 3, '2021-08-28 17:42:12', '2021-08-28 17:42:12', 2, 0, 'BFYUBFT7QW7Y238Y9MUR34Y7JY7565hh76JGF6G6J8J5gf75F5hh57568Jfjf6tG7Mk8HGvf7CDR6xseS2123A'),
(116, 9, 3, '2021-08-28 17:42:12', '2021-08-28 17:42:12', 2, 0, 'BFYUBFT7QW7Y238Y9MUR34Y7JY7565hh76JGF6G6J8J5gf75F5hh57568Jfjf6tG7Mk8HGvf7CDR6xseS2123A'),
(117, 9, 3, '2021-08-28 17:42:12', '2021-08-28 17:42:12', 2, 0, 'BFYUBFT7QW7Y238Y9MUR34Y7JY7565hh76JGF6G6J8J5gf75F5hh57568Jfjf6tG7Mk8HGvf7CDR6xseS2123A'),
(118, 9, 3, '2021-08-28 17:42:12', '2021-08-28 17:42:12', 2, 0, 'BFYUBFT7QW7Y238Y9MUR34Y7JY7565hh76JGF6G6J8J5gf75F5hh57568Jfjf6tG7Mk8HGvf7CDR6xseS2123A'),
(119, 9, 3, '2021-08-28 17:42:12', '2021-08-28 17:42:12', 2, 0, 'BFYUBFT7QW7Y238Y9MUR34Y7JY7565hh76JGF6G6J8J5gf75F5hh57568Jfjf6tG7Mk8HGvf7CDR6xseS2123A'),
(120, 9, 3, '2021-08-28 17:42:12', '2021-08-28 17:42:12', 2, 0, 'BFYUBFT7QW7Y238Y9MUR34Y7JY7565hh76JGF6G6J8J5gf75F5hh57568Jfjf6tG7Mk8HGvf7CDR6xseS2123A'),
(121, 9, 3, '2021-08-28 17:42:12', '2021-08-28 17:42:12', 2, 0, 'BFYUBFT7QW7Y238Y9MUR34Y7JY7565hh76JGF6G6J8J5gf75F5hh57568Jfjf6tG7Mk8HGvf7CDR6xseS2123A'),
(122, 9, 3, '2021-08-28 17:42:12', '2021-08-28 17:42:12', 2, 0, 'BFYUBFT7QW7Y238Y9MUR34Y7JY7565hh76JGF6G6J8J5gf75F5hh57568Jfjf6tG7Mk8HGvf7CDR6xseS2123A'),
(123, 9, 3, '2021-08-28 17:42:12', '2021-08-28 17:42:12', 2, 0, 'BFYUBFT7QW7Y238Y9MUR34Y7JY7565hh76JGF6G6J8J5gf75F5hh57568Jfjf6tG7Mk8HGvf7CDR6xseS2123A'),
(124, 9, 3, '2021-08-28 17:42:12', '2021-08-28 17:42:12', 2, 0, 'BFYUBFT7QW7Y238Y9MUR34Y7JY7565hh76JGF6G6J8J5gf75F5hh57568Jfjf6tG7Mk8HGvf7CDR6xseS2123A'),
(125, 9, 3, '2021-08-28 17:42:12', '2021-08-28 17:42:12', 2, 0, 'BFYUBFT7QW7Y238Y9MUR34Y7JY7565hh76JGF6G6J8J5gf75F5hh57568Jfjf6tG7Mk8HGvf7CDR6xseS2123A'),
(126, 9, 3, '2021-08-28 17:42:12', '2021-08-28 17:42:12', 2, 0, 'BFYUBFT7QW7Y238Y9MUR34Y7JY7565hh76JGF6G6J8J5gf75F5hh57568Jfjf6tG7Mk8HGvf7CDR6xseS2123A'),
(127, 9, 3, '2021-08-28 17:42:12', '2021-08-28 17:42:12', 2, 0, 'BFYUBFT7QW7Y238Y9MUR34Y7JY7565hh76JGF6G6J8J5gf75F5hh57568Jfjf6tG7Mk8HGvf7CDR6xseS2123A'),
(128, 9, 3, '2021-08-28 17:42:12', '2021-08-28 17:42:12', 2, 0, 'BFYUBFT7QW7Y238Y9MUR34Y7JY7565hh76JGF6G6J8J5gf75F5hh57568Jfjf6tG7Mk8HGvf7CDR6xseS2123A'),
(129, 9, 3, '2021-08-28 17:42:12', '2021-08-28 17:42:12', 2, 0, 'BFYUBFT7QW7Y238Y9MUR34Y7JY7565hh76JGF6G6J8J5gf75F5hh57568Jfjf6tG7Mk8HGvf7CDR6xseS2123A'),
(130, 9, 3, '2021-08-28 17:42:12', '2021-08-28 17:42:12', 2, 0, 'BFYUBFT7QW7Y238Y9MUR34Y7JY7565hh76JGF6G6J8J5gf75F5hh57568Jfjf6tG7Mk8HGvf7CDR6xseS2123A'),
(131, 9, 3, '2021-08-28 17:42:12', '2021-08-28 17:42:12', 2, 0, 'BFYUBFT7QW7Y238Y9MUR34Y7JY7565hh76JGF6G6J8J5gf75F5hh57568Jfjf6tG7Mk8HGvf7CDR6xseS2123A'),
(132, 9, 3, '2021-08-28 17:42:12', '2021-08-28 17:42:12', 2, 0, 'BFYUBFT7QW7Y238Y9MUR34Y7JY7565hh76JGF6G6J8J5gf75F5hh57568Jfjf6tG7Mk8HGvf7CDR6xseS2123A'),
(133, 9, 3, '2021-08-28 17:42:12', '2021-08-28 17:42:12', 2, 0, 'BFYUBFT7QW7Y238Y9MUR34Y7JY7565hh76JGF6G6J8J5gf75F5hh57568Jfjf6tG7Mk8HGvf7CDR6xseS2123A'),
(134, 9, 3, '2021-08-28 17:42:12', '2021-08-28 17:42:12', 2, 0, 'BFYUBFT7QW7Y238Y9MUR34Y7JY7565hh76JGF6G6J8J5gf75F5hh57568Jfjf6tG7Mk8HGvf7CDR6xseS2123A'),
(135, 9, 3, '2021-08-28 17:42:12', '2021-08-28 17:42:12', 2, 0, 'BFYUBFT7QW7Y238Y9MUR34Y7JY7565hh76JGF6G6J8J5gf75F5hh57568Jfjf6tG7Mk8HGvf7CDR6xseS2123A'),
(136, 9, 3, '2021-08-28 17:42:12', '2021-08-28 17:42:12', 2, 0, 'BFYUBFT7QW7Y238Y9MUR34Y7JY7565hh76JGF6G6J8J5gf75F5hh57568Jfjf6tG7Mk8HGvf7CDR6xseS2123A'),
(137, 9, 3, '2021-08-28 17:42:12', '2021-08-28 17:42:12', 2, 0, 'BFYUBFT7QW7Y238Y9MUR34Y7JY7565hh76JGF6G6J8J5gf75F5hh57568Jfjf6tG7Mk8HGvf7CDR6xseS2123A'),
(138, 9, 3, '2021-08-28 17:42:12', '2021-08-28 17:42:12', 2, 0, 'BFYUBFT7QW7Y238Y9MUR34Y7JY7565hh76JGF6G6J8J5gf75F5hh57568Jfjf6tG7Mk8HGvf7CDR6xseS2123A'),
(139, 9, 3, '2021-08-28 17:42:12', '2021-08-28 17:42:12', 2, 0, 'BFYUBFT7QW7Y238Y9MUR34Y7JY7565hh76JGF6G6J8J5gf75F5hh57568Jfjf6tG7Mk8HGvf7CDR6xseS2123A'),
(140, 9, 3, '2021-08-28 17:42:12', '2021-08-28 17:42:12', 2, 0, 'BFYUBFT7QW7Y238Y9MUR34Y7JY7565hh76JGF6G6J8J5gf75F5hh57568Jfjf6tG7Mk8HGvf7CDR6xseS2123A'),
(141, 9, 3, '2021-08-28 17:42:12', '2021-08-28 17:42:12', 2, 0, 'BFYUBFT7QW7Y238Y9MUR34Y7JY7565hh76JGF6G6J8J5gf75F5hh57568Jfjf6tG7Mk8HGvf7CDR6xseS2123A'),
(142, 9, 3, '2021-08-28 17:42:12', '2021-08-28 17:42:12', 2, 0, 'BFYUBFT7QW7Y238Y9MUR34Y7JY7565hh76JGF6G6J8J5gf75F5hh57568Jfjf6tG7Mk8HGvf7CDR6xseS2123A'),
(143, 9, 3, '2021-08-28 17:42:12', '2021-08-28 17:42:12', 2, 0, 'BFYUBFT7QW7Y238Y9MUR34Y7JY7565hh76JGF6G6J8J5gf75F5hh57568Jfjf6tG7Mk8HGvf7CDR6xseS2123A'),
(144, 9, 3, '2021-08-28 17:42:12', '2021-08-28 17:42:12', 2, 0, 'BFYUBFT7QW7Y238Y9MUR34Y7JY7565hh76JGF6G6J8J5gf75F5hh57568Jfjf6tG7Mk8HGvf7CDR6xseS2123A'),
(145, 9, 3, '2021-08-28 17:42:12', '2021-08-28 17:42:12', 2, 0, 'BFYUBFT7QW7Y238Y9MUR34Y7JY7565hh76JGF6G6J8J5gf75F5hh57568Jfjf6tG7Mk8HGvf7CDR6xseS2123A'),
(146, 9, 3, '2021-08-28 17:42:12', '2021-08-28 17:42:12', 2, 0, 'BFYUBFT7QW7Y238Y9MUR34Y7JY7565hh76JGF6G6J8J5gf75F5hh57568Jfjf6tG7Mk8HGvf7CDR6xseS2123A'),
(147, 9, 3, '2021-08-28 17:42:12', '2021-08-28 17:42:12', 2, 0, 'BFYUBFT7QW7Y238Y9MUR34Y7JY7565hh76JGF6G6J8J5gf75F5hh57568Jfjf6tG7Mk8HGvf7CDR6xseS2123A'),
(148, 9, 3, '2021-08-28 17:42:12', '2021-08-28 17:42:12', 2, 0, 'BFYUBFT7QW7Y238Y9MUR34Y7JY7565hh76JGF6G6J8J5gf75F5hh57568Jfjf6tG7Mk8HGvf7CDR6xseS2123A'),
(149, 9, 3, '2021-08-28 17:42:12', '2021-08-28 17:42:12', 2, 0, 'BFYUBFT7QW7Y238Y9MUR34Y7JY7565hh76JGF6G6J8J5gf75F5hh57568Jfjf6tG7Mk8HGvf7CDR6xseS2123A'),
(150, 9, 3, '2021-08-28 17:42:12', '2021-08-28 17:42:12', 2, 0, 'BFYUBFT7QW7Y238Y9MUR34Y7JY7565hh76JGF6G6J8J5gf75F5hh57568Jfjf6tG7Mk8HGvf7CDR6xseS2123A'),
(151, 9, 3, '2021-08-28 17:42:12', '2021-08-28 17:42:12', 2, 0, 'BFYUBFT7QW7Y238Y9MUR34Y7JY7565hh76JGF6G6J8J5gf75F5hh57568Jfjf6tG7Mk8HGvf7CDR6xseS2123A'),
(152, 9, 3, '2021-08-28 17:42:12', '2021-08-28 17:42:12', 2, 0, 'BFYUBFT7QW7Y238Y9MUR34Y7JY7565hh76JGF6G6J8J5gf75F5hh57568Jfjf6tG7Mk8HGvf7CDR6xseS2123A'),
(153, 9, 3, '2021-08-28 17:42:12', '2021-08-28 17:42:12', 2, 0, 'BFYUBFT7QW7Y238Y9MUR34Y7JY7565hh76JGF6G6J8J5gf75F5hh57568Jfjf6tG7Mk8HGvf7CDR6xseS2123A'),
(154, 9, 3, '2021-08-28 17:42:12', '2021-08-28 17:42:12', 2, 0, 'BFYUBFT7QW7Y238Y9MUR34Y7JY7565hh76JGF6G6J8J5gf75F5hh57568Jfjf6tG7Mk8HGvf7CDR6xseS2123A'),
(155, 9, 3, '2021-08-28 17:42:12', '2021-08-28 17:42:12', 2, 0, 'BFYUBFT7QW7Y238Y9MUR34Y7JY7565hh76JGF6G6J8J5gf75F5hh57568Jfjf6tG7Mk8HGvf7CDR6xseS2123A'),
(156, 9, 3, '2021-08-28 17:42:12', '2021-08-28 17:42:12', 2, 0, 'BFYUBFT7QW7Y238Y9MUR34Y7JY7565hh76JGF6G6J8J5gf75F5hh57568Jfjf6tG7Mk8HGvf7CDR6xseS2123A'),
(157, 11, 3, '2021-08-28 18:49:09', '2021-09-05 07:32:07', 0, 2, 'BFYUBFT7QW7Y238Y9MUR34Y7JY7565hh76JGF6G6J8J5gf75F5hh57568Jfjf6tG7Mk8HGvf7CDR6xseS2123A');

-- --------------------------------------------------------

--
-- Table structure for table `users`
--

CREATE TABLE `users` (
  `user_id` int(11) NOT NULL,
  `user_password` varchar(250) NOT NULL,
  `user_name` varchar(250) NOT NULL,
  `user_email` varchar(250) NOT NULL
) ENGINE=InnoDB DEFAULT CHARSET=utf8mb4;

--
-- Dumping data for table `users`
--

INSERT INTO `users` (`user_id`, `user_password`, `user_name`, `user_email`) VALUES
(7, '$2y$10$nWJrNv.0Bh8SwwepgiGfmeC4RLpHtAquK7RQeTNtCKzND.ogtNBwK', 'asde', 'yuityz@mdsgf.com'),
(8, '$2y$10$rMUFMAs2L0UWQv3CiH4jo.LFvLRpt7I.pvFWTqQ47IXODfC75y7Pe', 'yuityz@mdsgf.com', 'yuityz@mdsgf.coma'),
(9, '$2y$10$rrCkvoEIiDK0wTewkotcEerAdY4tsmytR7cTE2XxFaNkqjwuPDRTa', 'yuityz@mdsgf.comas', 'yuityz@mdsgf.comas');

--
-- Indexes for dumped tables
--

--
-- Indexes for table `admins`
--
ALTER TABLE `admins`
  ADD PRIMARY KEY (`admin_id`);

--
-- Indexes for table `package`
--
ALTER TABLE `package`
  ADD PRIMARY KEY (`package_id`);

--
-- Indexes for table `patients`
--
ALTER TABLE `patients`
  ADD PRIMARY KEY (`patient_id`),
  ADD UNIQUE KEY `no_ktp` (`no_ktp`,`user_inputter`),
  ADD KEY `user_inputter_fk` (`user_inputter`);

--
-- Indexes for table `patient_package`
--
ALTER TABLE `patient_package`
  ADD PRIMARY KEY (`patient_package_id`),
  ADD KEY `patient_id` (`patient_id`),
  ADD KEY `package` (`package`);

--
-- Indexes for table `users`
--
ALTER TABLE `users`
  ADD PRIMARY KEY (`user_id`),
  ADD UNIQUE KEY `user_email` (`user_email`);

--
-- AUTO_INCREMENT for dumped tables
--

--
-- AUTO_INCREMENT for table `admins`
--
ALTER TABLE `admins`
  MODIFY `admin_id` int(11) NOT NULL AUTO_INCREMENT, AUTO_INCREMENT=2;

--
-- AUTO_INCREMENT for table `package`
--
ALTER TABLE `package`
  MODIFY `package_id` smallint(6) NOT NULL AUTO_INCREMENT, AUTO_INCREMENT=4;

--
-- AUTO_INCREMENT for table `patients`
--
ALTER TABLE `patients`
  MODIFY `patient_id` int(11) NOT NULL AUTO_INCREMENT, AUTO_INCREMENT=13;

--
-- AUTO_INCREMENT for table `patient_package`
--
ALTER TABLE `patient_package`
  MODIFY `patient_package_id` int(11) NOT NULL AUTO_INCREMENT, AUTO_INCREMENT=160;

--
-- AUTO_INCREMENT for table `users`
--
ALTER TABLE `users`
  MODIFY `user_id` int(11) NOT NULL AUTO_INCREMENT, AUTO_INCREMENT=10;

--
-- Constraints for dumped tables
--

--
-- Constraints for table `patients`
--
ALTER TABLE `patients`
  ADD CONSTRAINT `user_inputter_fk` FOREIGN KEY (`user_inputter`) REFERENCES `users` (`user_id`) ON DELETE CASCADE ON UPDATE CASCADE;

--
-- Constraints for table `patient_package`
--
ALTER TABLE `patient_package`
  ADD CONSTRAINT `patient_package_ibfk_1` FOREIGN KEY (`patient_id`) REFERENCES `patients` (`patient_id`) ON DELETE CASCADE ON UPDATE CASCADE,
  ADD CONSTRAINT `patient_package_ibfk_2` FOREIGN KEY (`package`) REFERENCES `package` (`package_id`) ON DELETE CASCADE ON UPDATE CASCADE;
COMMIT;

/*!40101 SET CHARACTER_SET_CLIENT=@OLD_CHARACTER_SET_CLIENT */;
/*!40101 SET CHARACTER_SET_RESULTS=@OLD_CHARACTER_SET_RESULTS */;
/*!40101 SET COLLATION_CONNECTION=@OLD_COLLATION_CONNECTION */;
